one1,two1,three,"1""""","four1""""",five1,six1,seven1,eight1,nine1
one2,two2,three,"2""""","four2""""",five2,six2,seven2,eight2,nine2
one3,two3,three,"3""""",fo,u,"r3""""",five3,six3,seven3
one4,two4,three4,four4,five4,six4,seven4,eight4,nine4,ten4
one5,two5, ,four5,five5,six5,seven5,eight5,nine5,ten5
one6,two6,three6,four6,five6,six6,seven6,eight6,nine6,ten6
one7,two7,three7, , ,six7,seven7,eight7,nine7,ten7
one8,two8,three8,four8,five8,six8,seven8,eight8,nine8,ten8
one9,two9,three9, ,five9, ,seven9,eight9,nine9,ten9
one10,two10,three10,four10,five10,six10,seven10,eight10,nine10,ten10
one11,two11,three11,four11,five11,six11,seven11,eight11,nine11, 
one12,two12,three12,four12,five12,six12,seven12,eight12,nine12,ten12
one13,two13,three13,four13,five13,six13,seven13,eight13, , 
one14,two14,three14,four14,five14,six14,seven14,eight14,nine14,ten14
one15,two15,three15,four15,five15,six15,seven15,eight15,nine15, 
one16,two16,three16,four16,five16,six16,seven16,eight16,nine16,ten16
one17, ,three17,four17,five17, ,seven17,eight17, , 
one18,two18,three18,four18,five18,six18,seven18,eight18,nine18,ten18
 ,two19,three19,four19,five19,six19,seven19,eight19,nine19,ten19
one20,two20,three20,four20,five20,six20,seven20,eight20,nine20,ten20
 , ,three21,four21,five21,six21,seven21,eight21,nine21,ten21
one22,two22,three22,four22,five22,six22,seven22,eight22,nine22,ten22
one23, , , , , , ,eight23, , 
one24,two24,three24,four24,five24,six24,seven24,eight24,nine24,ten24
 , , , ,five25, , ,eight25, , 
one26,two26,three26,four26,five26,six26,seven26,eight26,nine26,ten26
one27,two27,three27,four27,five27,six27,seven27,eight27,nine27,ten27
one28,two28,three28,four28,five28,six28,seven28,eight28,nine28,ten28
one29,two29,three29,four29,five29,six29,seven29,eight29,nine29,ten29
one30,two30,three30,four30,five30,six30,seven30,eight30,nine30,ten30
one31,two31,three31,four31,five31,six31,seven31,eight31,nine31,ten31
one32,two32,three32,four32,five32,six32,seven32,eight32,nine32,ten32
one33,two33,three33,four33,five33,six33,seven33,eight33,nine33,ten33
one34,two34,three34,four34,five34,six34,seven34,eight34,nine34,ten34
one35,two35,three35,four35,five35,six35,seven35,eight35,nine35,ten35
one36,two36,three36,four36,five36,six36,seven36,eight36,nine36,ten36
one37,two37,three37,four37,five37,six37,seven37,eight37,nine37,ten37
one38,two38,three38,four38,five38,six38,seven38,eight38,nine38,ten38
one39,two39,three39,four39,five39,six39,seven39,eight39,nine39,ten39
one40,two40,three40,four40,five40,six40,seven40,eight40,nine40,ten40
one41,two41,three41,four41,five41,six41,seven41,eight41,nine41,ten41
one42,two42,three42,four42,five42,six42,seven42,eight42,nine42,ten42
one43,two43,three43,four43,five43,six43,seven43,eight43,nine43,ten43
one44,two44,three44,four44,five44,six44,seven44,eight44,nine44,ten44
one45,two45,three45,four45,five45,six45,seven45,eight45,nine45,ten45
one46,two46,three46,four46,five46,six46,seven46,eight46,nine46,ten46
one47,two47,three47,four47,five47,six47,seven47,eight47,nine47,ten47
one48,two48,three48,four48,five48,six48,seven48,eight48,nine48,ten48
one49,two49,three49,four49,five49,six49,seven49,eight49,nine49,ten49
one50,two50,three50,four50,five50,six50,seven50,eight50,nine50,ten50
one51,two51,three51,four51,five51,six51,seven51,eight51,nine51,ten51
one52,two52,three52,four52,five52,six52,seven52,eight52,nine52,ten52
one53,two53,three53,four53,five53,six53,seven53,eight53,nine53,ten53
one54,two54,three54,four54,five54,six54,seven54,eight54,nine54,ten54
one55,two55,three55,four55,five55,six55,seven55,eight55,nine55,ten55
one56,two56,three56,four56,five56,six56,seven56,eight56,nine56,ten56
one57,two57,three57,four57,five57,six57,seven57,eight57,nine57,ten57
one58,two58,three58,four58,five58,six58,seven58,eight58,nine58,ten58
one59,two59,three59,four59,five59,six59,seven59,eight59,nine59,ten59
one60,two60,three60,four60,five60,six60,seven60,eight60,nine60,ten60
one61,two61,three61,four61,five61,six61,seven61,eight61,nine61,ten61
one62,two62,three62,four62,five62,six62,seven62,eight62,nine62,ten62
one63,two63,three63,four63,five63,six63,seven63,eight63,nine63,ten63
one64,two64,three64,four64,five64,six64,seven64,eight64,nine64,ten64
one65,two65,three65,four65,five65,six65,seven65,eight65,nine65,ten65
one66,two66,three66,four66,five66,six66,seven66,eight66,nine66,ten66
one67,two67,three67,four67,five67,six67,seven67,eight67,nine67,ten67
one68,two68,three68,four68,five68,six68,seven68,eight68,nine68,ten68
one69,two69,three69,four69,five69,six69,seven69,eight69,nine69,ten69
one70,two70,three70,four70,five70,six70,seven70,eight70,nine70,ten70
one71,two71,three71,four71,five71,six71,seven71,eight71,nine71,ten71
one72,two72,three72,four72,five72,six72,seven72,eight72,nine72,ten72
one73,two73,three73,four73,five73,six73,seven73,eight73,nine73,ten73
one74,two74,three74,four74,five74,six74,seven74,eight74,nine74,ten74
one75,two75,three75,four75,five75,six75,seven75,eight75,nine75,ten75
one76,two76,three76,four76,five76,six76,seven76,eight76,nine76,ten76
one77,two77,three77,four77,five77,six77,seven77,eight77,nine77,ten77
one78,two78,three78,four78,five78,six78,seven78,eight78,nine78,ten78
one79,two79,three79,four79,five79,six79,seven79,eight79,nine79,ten79
one80,two80,three80,four80,five80,six80,seven80,eight80,nine80,ten80
one81,two81,three81,four81,five81,six81,seven81,eight81,nine81,ten81
one82,two82,three82,four82,five82,six82,seven82,eight82,nine82,ten82
one83,two83,three83,four83,five83,six83,seven83,eight83,nine83,ten83
one84,two84,three84,four84,five84,six84,seven84,eight84,nine84,ten84
one85,two85,three85,four85,five85,six85,seven85,eight85,nine85,ten85
one86,two86,three86,four86,five86,six86,seven86,eight86,nine86,ten86
one87,two87,three87,four87,five87,six87,seven87,eight87,nine87,ten87
one88,two88,three88,four88,five88,six88,seven88,eight88,nine88,ten88
one89,two89,three89,four89,five89,six89,seven89,eight89,nine89,ten89
one90,two90,three90,four90,five90,six90,seven90,eight90,nine90,ten90
one91,two91,three91,four91,five91,six91,seven91,eight91,nine91,ten91
one92,two92,three92,four92,five92,six92,seven92,eight92,nine92,ten92
one93,two93,three93,four93,five93,six93,seven93,eight93,nine93,ten93
one94,two94,three94,four94,five94,six94,seven94,eight94,nine94,ten94
one95,two95,three95,four95,five95,six95,seven95,eight95,nine95,ten95
one96,two96,three96,four96,five96,six96,seven96,eight96,nine96,ten96
one97,two97,three97,four97,five97,six97,seven97,eight97,nine97,ten97
one98,two98,three98,four98,five98,six98,seven98,eight98,nine98,ten98
one99,two99,three99,four99,five99,six99,seven99,eight99,nine99,ten99
one100,two100,three100,four100,five100,six100,seven100,eight100,nine100,ten100
